-- MySQL Script generated by MySQL Workbench
-- Fri Nov  3 18:23:50 2017
-- Model: ISTE-330 Capstone Project Tracker    Version: 1.0

-- Final project for ISTE-330 (Database Connectivity and Access).

-- MySQL Workbench Forward Engineering

SET @OLD_UNIQUE_CHECKS=@@UNIQUE_CHECKS, UNIQUE_CHECKS=0;
SET @OLD_FOREIGN_KEY_CHECKS=@@FOREIGN_KEY_CHECKS, FOREIGN_KEY_CHECKS=0;
SET @OLD_SQL_MODE=@@SQL_MODE, SQL_MODE='TRADITIONAL,ALLOW_INVALID_DATES';

-- -----------------------------------------------------
-- Schema mydb
-- -----------------------------------------------------
DROP SCHEMA IF EXISTS `mydb` ;

-- -----------------------------------------------------
-- Schema mydb
-- -----------------------------------------------------
CREATE SCHEMA IF NOT EXISTS `mydb` DEFAULT CHARACTER SET utf8 ;
USE `mydb` ;

-- -----------------------------------------------------
-- Table `mydb`.`people`
-- -----------------------------------------------------
DROP TABLE IF EXISTS `mydb`.`people` ;

CREATE TABLE IF NOT EXISTS `mydb`.`people` (
  `uid` INT NOT NULL,
  `type` CHAR(45) NULL,
  `username` VARCHAR(45) NULL COMMENT 'Student, Faculty, Staff',
  `password` VARCHAR(45) NULL,
  `email` VARCHAR(45) NULL,
  `fName` VARCHAR(45) NULL,
  `lName` VARCHAR(45) NULL,
  `phone` VARCHAR(45) NULL,
  `officelocation` VARCHAR(45) NULL,
  PRIMARY KEY (`uid`))
ENGINE = InnoDB;


-- -----------------------------------------------------
-- Table `mydb`.`rit_calendar`
-- -----------------------------------------------------
DROP TABLE IF EXISTS `mydb`.`rit_calendar` ;

CREATE TABLE IF NOT EXISTS `mydb`.`rit_calendar` (
  `term` INT NOT NULL,
  `add_drop_deadline` DATE NULL,
  `grade_deadline` DATE NULL,
  PRIMARY KEY (`term`))
ENGINE = InnoDB;


-- -----------------------------------------------------
-- Table `mydb`.`project`
-- -----------------------------------------------------
DROP TABLE IF EXISTS `mydb`.`project` ;

CREATE TABLE IF NOT EXISTS `mydb`.`project` (
  `pid` INT NOT NULL,
  `type` VARCHAR(10) NULL,
  `name` VARCHAR(45) NULL,
  `description` VARCHAR(255) NULL,
  `start_term` INT NULL,
  `expected_end_date` DATE NULL,
  `plagiarism_score` INT NULL DEFAULT -1,
  `grade` INT NULL DEFAULT -1,
  PRIMARY KEY (`pid`),
  INDEX `fk_start_term_idx` (`start_term` ASC),
  CONSTRAINT `fk_start_term`
    FOREIGN KEY (`start_term`)
    REFERENCES `mydb`.`rit_calendar` (`term`)
    ON DELETE NO ACTION
    ON UPDATE NO ACTION)
ENGINE = InnoDB;


-- -----------------------------------------------------
-- Table `mydb`.`status`
-- -----------------------------------------------------
DROP TABLE IF EXISTS `mydb`.`status` ;

CREATE TABLE IF NOT EXISTS `mydb`.`status` (
  `sid` INT NOT NULL,
  `name` VARCHAR(100) NULL,
  `description` VARCHAR(255) NULL,
  PRIMARY KEY (`sid`))
ENGINE = InnoDB;


-- -----------------------------------------------------
-- Table `mydb`.`people_project`
-- -----------------------------------------------------
DROP TABLE IF EXISTS `mydb`.`people_project` ;

CREATE TABLE IF NOT EXISTS `mydb`.`people_project` (
  `uid` INT NOT NULL,
  `pid` INT NOT NULL,
  `role` VARCHAR(45) NULL COMMENT 'Student, Faculty, Staff, FacultyTracking',
  PRIMARY KEY (`uid`, `pid`),
  INDEX `fk_pid_idx` (`pid` ASC),
  CONSTRAINT `fk_uid`
    FOREIGN KEY (`uid`)
    REFERENCES `mydb`.`people` (`uid`)
    ON DELETE NO ACTION
    ON UPDATE NO ACTION,
  CONSTRAINT `fk_pid`
    FOREIGN KEY (`pid`)
    REFERENCES `mydb`.`project` (`pid`)
    ON DELETE NO ACTION
    ON UPDATE NO ACTION)
ENGINE = InnoDB;


-- -----------------------------------------------------
-- Table `mydb`.`project_status`
-- -----------------------------------------------------
DROP TABLE IF EXISTS `mydb`.`project_status` ;

CREATE TABLE IF NOT EXISTS `mydb`.`project_status` (
  `sid` INT NOT NULL,
  `pid` INT NOT NULL,
  `last_modified` DATE NULL,
  `comment` VARCHAR(255) NULL,
  PRIMARY KEY (`sid`, `pid`),
  INDEX `fk_pid_idx` (`pid` ASC),
  CONSTRAINT `fk_ps_pid`
    FOREIGN KEY (`pid`)
    REFERENCES `mydb`.`project` (`pid`)
    ON DELETE NO ACTION
    ON UPDATE NO ACTION,
  CONSTRAINT `fk_ps_sid`
    FOREIGN KEY (`sid`)
    REFERENCES `mydb`.`status` (`sid`)
    ON DELETE NO ACTION
    ON UPDATE NO ACTION)
ENGINE = InnoDB;


-- -----------------------------------------------------
-- Data for table `mydb`.`people`
-- -----------------------------------------------------
START TRANSACTION;
USE `mydb`;
INSERT INTO `mydb`.`people` (`uid`, `type`, `username`, `password`, `email`, `fName`, `lName`, `phone`, `officelocation`) VALUES (1, 'Grad', 'ab1234', '5f4dcc3b5aa765d61d8327deb882cf99', 'ab1234@rit.edu', 'Al', 'Baker', '', '');
INSERT INTO `mydb`.`people` (`uid`, `type`, `username`, `password`, `email`, `fName`, `lName`, `phone`, `officelocation`) VALUES (2, 'Grad', 'dn1234', '5f4dcc3b5aa765d61d8327deb882cf99', 'dn1234@rit.edu', 'Don', 'Novello', '', '');
INSERT INTO `mydb`.`people` (`uid`, `type`, `username`, `password`, `email`, `fName`, `lName`, `phone`, `officelocation`) VALUES (3, 'Grad', 'gs1234', '5f4dcc3b5aa765d61d8327deb882cf99', 'gs1234@rit.edu', 'Guido', 'Sarducci', '', '');
INSERT INTO `mydb`.`people` (`uid`, `type`, `username`, `password`, `email`, `fName`, `lName`, `phone`, `officelocation`) VALUES (4, 'Faculty', 'txaics', '5f4dcc3b5aa765d61d8327deb882cf99', 'txaics@rit.edu', 'Tanweer', 'Alam', '', '');
INSERT INTO `mydb`.`people` (`uid`, `type`, `username`, `password`, `email`, `fName`, `lName`, `phone`, `officelocation`) VALUES (5, 'Faculty', 'gpavks', '5f4dcc3b5aa765d61d8327deb882cf99', 'gpavks@rit.edu', 'Garret', 'Arcoraci', '585-475-7854', 'GOL 2315');
INSERT INTO `mydb`.`people` (`uid`, `type`, `username`, `password`, `email`, `fName`, `lName`, `phone`, `officelocation`) VALUES (6, 'Faculty', 'dlaics', '5f4dcc3b5aa765d61d8327deb882cf99', 'daniel.ashbrook@rit.edu', 'Daniel', 'Ashbrook', '585-475-4784', 'GOL 2329');
INSERT INTO `mydb`.`people` (`uid`, `type`, `username`, `password`, `email`, `fName`, `lName`, `phone`, `officelocation`) VALUES (7, 'Faculty', 'ciiics', '5f4dcc3b5aa765d61d8327deb882cf99', 'catherine.beaton@rit.edu', 'Catherine', 'Beaton', '585-281-6162', 'GOL 2621');
INSERT INTO `mydb`.`people` (`uid`, `type`, `username`, `password`, `email`, `fName`, `lName`, `phone`, `officelocation`) VALUES (8, 'Faculty', 'aobics', '5f4dcc3b5aa765d61d8327deb882cf99', 'aobics@rit.edu', 'Alec', 'Berenbaum', '', '');
INSERT INTO `mydb`.`people` (`uid`, `type`, `username`, `password`, `email`, `fName`, `lName`, `phone`, `officelocation`) VALUES (9, 'Faculty', 'tsbics', '5f4dcc3b5aa765d61d8327deb882cf99', 'tsbics@rit.edu', 'Todd', 'Bernhard', '', '');
INSERT INTO `mydb`.`people` (`uid`, `type`, `username`, `password`, `email`, `fName`, `lName`, `phone`, `officelocation`) VALUES (10, 'Faculty', 'dsbics', '5f4dcc3b5aa765d61d8327deb882cf99', 'dsbics@rit.edu', 'Daniel', 'Bogaard', '585-4755231', 'GOL 2571');
INSERT INTO `mydb`.`people` (`uid`, `type`, `username`, `password`, `email`, `fName`, `lName`, `phone`, `officelocation`) VALUES (11, 'Faculty', 'cbbics', '5f4dcc3b5aa765d61d8327deb882cf99', 'cbbics@rit.edu', 'Charlie', 'Border', '585-475-7946', 'GOL 2615');
INSERT INTO `mydb`.`people` (`uid`, `type`, `username`, `password`, `email`, `fName`, `lName`, `phone`, `officelocation`) VALUES (12, 'Faculty', 'spbics', '5f4dcc3b5aa765d61d8327deb882cf99', 'Sean.Boyle@rit.edu', 'Sean', 'Boyle', '', '');
INSERT INTO `mydb`.`people` (`uid`, `type`, `username`, `password`, `email`, `fName`, `lName`, `phone`, `officelocation`) VALUES (13, 'Faculty', 'mjcics', '5f4dcc3b5aa765d61d8327deb882cf99', 'mjcics@rit.edu', 'Michael', 'Carroll', '', '');
INSERT INTO `mydb`.`people` (`uid`, `type`, `username`, `password`, `email`, `fName`, `lName`, `phone`, `officelocation`) VALUES (14, 'Faculty', 'mjcvks', '5f4dcc3b5aa765d61d8327deb882cf99', 'mjcvks@rit.edu', 'Marco', 'Casale', '', '');
INSERT INTO `mydb`.`people` (`uid`, `type`, `username`, `password`, `email`, `fName`, `lName`, `phone`, `officelocation`) VALUES (15, 'Faculty', 'mjfics', '5f4dcc3b5aa765d61d8327deb882cf99', 'Michael.Floeser@rit.edu', 'Michael', 'Floeser', '585-475-7031', 'GOL 2669');
INSERT INTO `mydb`.`people` (`uid`, `type`, `username`, `password`, `email`, `fName`, `lName`, `phone`, `officelocation`) VALUES (16, 'Faculty', 'nffbbu', '5f4dcc3b5aa765d61d8327deb882cf99', 'nick@saunders.rit.edu', 'Nick', 'Francesco', '', '');
INSERT INTO `mydb`.`people` (`uid`, `type`, `username`, `password`, `email`, `fName`, `lName`, `phone`, `officelocation`) VALUES (17, 'Faculty', 'bdfvks', '5f4dcc3b5aa765d61d8327deb882cf99', 'bdfvks@rit.edu', 'Bryan', 'French', '585-475-6511', 'GOL 2619');
INSERT INTO `mydb`.`people` (`uid`, `type`, `username`, `password`, `email`, `fName`, `lName`, `phone`, `officelocation`) VALUES (18, 'Faculty', 'dmgics', '5f4dcc3b5aa765d61d8327deb882cf99', 'Dean.Ganskop@rit.edu', 'Dean', 'Ganskop', '', '');
INSERT INTO `mydb`.`people` (`uid`, `type`, `username`, `password`, `email`, `fName`, `lName`, `phone`, `officelocation`) VALUES (19, 'Faculty', 'efgics', '5f4dcc3b5aa765d61d8327deb882cf99', 'efgics@rit.edu', 'Erik', 'Golen', '', 'GOL 2617');
INSERT INTO `mydb`.`people` (`uid`, `type`, `username`, `password`, `email`, `fName`, `lName`, `phone`, `officelocation`) VALUES (20, 'Faculty', 'jrhicsa', '5f4dcc3b5aa765d61d8327deb882cf99', 'jrhicsa@rit.edu', 'James', 'Habermas', '', '');
INSERT INTO `mydb`.`people` (`uid`, `type`, `username`, `password`, `email`, `fName`, `lName`, `phone`, `officelocation`) VALUES (21, 'Faculty', 'vlhics', '5f4dcc3b5aa765d61d8327deb882cf99', 'vlh@rit.edu', 'Vicki', 'Hanson', '585-475-5384', 'GOL 2645');
INSERT INTO `mydb`.`people` (`uid`, `type`, `username`, `password`, `email`, `fName`, `lName`, `phone`, `officelocation`) VALUES (22, 'Faculty', 'bhhics', '5f4dcc3b5aa765d61d8327deb882cf99', 'Bruce.Hartpence@rit.edu', 'Bruce', 'Hartpence', '585-475-7938', 'GOL 2323');
INSERT INTO `mydb`.`people` (`uid`, `type`, `username`, `password`, `email`, `fName`, `lName`, `phone`, `officelocation`) VALUES (23, 'Faculty', 'amhgss', '5f4dcc3b5aa765d61d8327deb882cf99', 'amhgss@rit.edu', 'Andrew', 'Herbert', '585-475-4554', 'GOL 2323');
INSERT INTO `mydb`.`people` (`uid`, `type`, `username`, `password`, `email`, `fName`, `lName`, `phone`, `officelocation`) VALUES (24, 'Faculty', 'lwhfac', '5f4dcc3b5aa765d61d8327deb882cf99', 'Lawrence.Hill@rit.edu', 'Larry', 'Hill', '585-475-7064', 'GOL 2331');
INSERT INTO `mydb`.`people` (`uid`, `type`, `username`, `password`, `email`, `fName`, `lName`, `phone`, `officelocation`) VALUES (25, 'Faculty', 'ephics', '5f4dcc3b5aa765d61d8327deb882cf99', 'edward.holden@rit.edu', 'Ed', 'Holden', '585-475-5361', 'GOL 2655');
INSERT INTO `mydb`.`people` (`uid`, `type`, `username`, `password`, `email`, `fName`, `lName`, `phone`, `officelocation`) VALUES (26, 'Faculty', 'mphics', '5f4dcc3b5aa765d61d8327deb882cf99', 'matt.huenerfauth@rit.edu', 'Matt', 'Huenerfauth', '585-475-2459', 'GOL 2659');
INSERT INTO `mydb`.`people` (`uid`, `type`, `username`, `password`, `email`, `fName`, `lName`, `phone`, `officelocation`) VALUES (27, 'Faculty', 'jcjics', '5f4dcc3b5aa765d61d8327deb882cf99', 'jcjics@rit.edu', 'Jeffrey', 'Jockel', '', '');
INSERT INTO `mydb`.`people` (`uid`, `type`, `username`, `password`, `email`, `fName`, `lName`, `phone`, `officelocation`) VALUES (28, 'Faculty', 'mrjics', '5f4dcc3b5aa765d61d8327deb882cf99', 'mrjics@rit.edu', 'Mark', 'Juba', '', '');
INSERT INTO `mydb`.`people` (`uid`, `type`, `username`, `password`, `email`, `fName`, `lName`, `phone`, `officelocation`) VALUES (29, 'Faculty', 'jwkics', '5f4dcc3b5aa765d61d8327deb882cf99', 'jai.kang@rit.edu', 'Jai', 'Kang', '585-475-5362', 'GOL 2651');
INSERT INTO `mydb`.`people` (`uid`, `type`, `username`, `password`, `email`, `fName`, `lName`, `phone`, `officelocation`) VALUES (30, 'Faculty', 'drkisd', '5f4dcc3b5aa765d61d8327deb882cf99', 'drkisd@rit.edu', 'Dan', 'Kennedy', '585-475-2811', 'GOL 2285');
INSERT INTO `mydb`.`people` (`uid`, `type`, `username`, `password`, `email`, `fName`, `lName`, `phone`, `officelocation`) VALUES (31, 'Faculty', 'hnkics', '5f4dcc3b5aa765d61d8327deb882cf99', 'hnkics@rit.edu', 'Heidi', 'Klossner', '', '');
INSERT INTO `mydb`.`people` (`uid`, `type`, `username`, `password`, `email`, `fName`, `lName`, `phone`, `officelocation`) VALUES (32, 'Faculty', 'mxkics1', '5f4dcc3b5aa765d61d8327deb882cf99', 'mxkics1@rit.edu', 'Mitel', 'Kuliner', '', '');
INSERT INTO `mydb`.`people` (`uid`, `type`, `username`, `password`, `email`, `fName`, `lName`, `phone`, `officelocation`) VALUES (33, 'Faculty', 'dmlics', '5f4dcc3b5aa765d61d8327deb882cf99', 'dmlics@rit.edu', 'Deborah', 'LaBelle', '585-475-5001', 'GOL 2627');
INSERT INTO `mydb`.`people` (`uid`, `type`, `username`, `password`, `email`, `fName`, `lName`, `phone`, `officelocation`) VALUES (34, 'Faculty', 'jalics', '5f4dcc3b5aa765d61d8327deb882cf99', 'Jeffrey.Lasky@rit.edu', 'Jeffrey', 'Lasky', '585-475-2284', 'GOL 26xx');
INSERT INTO `mydb`.`people` (`uid`, `type`, `username`, `password`, `email`, `fName`, `lName`, `phone`, `officelocation`) VALUES (35, 'Faculty', 'jalvks', '5f4dcc3b5aa765d61d8327deb882cf99', 'jalvks@rit.edu', 'Jim', 'Leone', '585-475-6451', 'GOL 2657');
INSERT INTO `mydb`.`people` (`uid`, `type`, `username`, `password`, `email`, `fName`, `lName`, `phone`, `officelocation`) VALUES (36, 'Faculty', 'jxlics', '5f4dcc3b5aa765d61d8327deb882cf99', 'jxlics@rit.edu', 'Joseph', 'Loporcaro', '', '');
INSERT INTO `mydb`.`people` (`uid`, `type`, `username`, `password`, `email`, `fName`, `lName`, `phone`, `officelocation`) VALUES (37, 'Faculty', 'phlics', '5f4dcc3b5aa765d61d8327deb882cf99', 'Peter.Lutz@rit.edu', 'Peter', 'Lutz', '585-475-6162', 'GOL 2345');
INSERT INTO `mydb`.`people` (`uid`, `type`, `username`, `password`, `email`, `fName`, `lName`, `phone`, `officelocation`) VALUES (38, 'Faculty', 'spmics', '5f4dcc3b5aa765d61d8327deb882cf99', 'Sharon.Mason@rit.edu', 'Sharon', 'Mason', '585-475-6989', 'GOL 2319');
INSERT INTO `mydb`.`people` (`uid`, `type`, `username`, `password`, `email`, `fName`, `lName`, `phone`, `officelocation`) VALUES (39, 'Faculty', 'mjmics', '5f4dcc3b5aa765d61d8327deb882cf99', 'mickmcquaid@gmail.com', 'Michael', 'McQuaid', '', '');
INSERT INTO `mydb`.`people` (`uid`, `type`, `username`, `password`, `email`, `fName`, `lName`, `phone`, `officelocation`) VALUES (40, 'Faculty', 'thoics', '5f4dcc3b5aa765d61d8327deb882cf99', 'Tom.Oh@rit.edu', 'Tae', 'Oh', '585-475-7642', 'GOL 2281');
INSERT INTO `mydb`.`people` (`uid`, `type`, `username`, `password`, `email`, `fName`, `lName`, `phone`, `officelocation`) VALUES (41, 'Faculty', 'sphics', '5f4dcc3b5aa765d61d8327deb882cf99', 'sylvia.perez-hardy@rit.edu', 'Sylvia', 'Perez-Hardy', '585-475-7941', '');
INSERT INTO `mydb`.`people` (`uid`, `type`, `username`, `password`, `email`, `fName`, `lName`, `phone`, `officelocation`) VALUES (42, 'Faculty', 'djpihst', '5f4dcc3b5aa765d61d8327deb882cf99', 'djpihst@rit.edu', 'Jerry', 'Powell', '585-475-2487', 'CBT-2161');
INSERT INTO `mydb`.`people` (`uid`, `type`, `username`, `password`, `email`, `fName`, `lName`, `phone`, `officelocation`) VALUES (43, 'Faculty', 'sarics', '5f4dcc3b5aa765d61d8327deb882cf99', 'sarics@rit.edu', 'Scott', 'Root II', '', '');
INSERT INTO `mydb`.`people` (`uid`, `type`, `username`, `password`, `email`, `fName`, `lName`, `phone`, `officelocation`) VALUES (44, 'Faculty', 'ldrics', '5f4dcc3b5aa765d61d8327deb882cf99', 'ldrics@rit.edu', 'Lawrence', 'Roth', '', '');
INSERT INTO `mydb`.`people` (`uid`, `type`, `username`, `password`, `email`, `fName`, `lName`, `phone`, `officelocation`) VALUES (45, 'Faculty', 'kmsics', '5f4dcc3b5aa765d61d8327deb882cf99', 'kmsics@rit.edu', 'Katie', 'Sabourin', '', '');
INSERT INTO `mydb`.`people` (`uid`, `type`, `username`, `password`, `email`, `fName`, `lName`, `phone`, `officelocation`) VALUES (46, 'Faculty', 'cxsics', '5f4dcc3b5aa765d61d8327deb882cf99', 'cxsics@rit.edu', 'Charles', 'Schneider', '', '');
INSERT INTO `mydb`.`people` (`uid`, `type`, `username`, `password`, `email`, `fName`, `lName`, `phone`, `officelocation`) VALUES (47, 'Faculty', 'nxsvks', '5f4dcc3b5aa765d61d8327deb882cf99', 'nxsvks@rit.edu', 'Nirmala', 'Shenoy', '', '');
INSERT INTO `mydb`.`people` (`uid`, `type`, `username`, `password`, `email`, `fName`, `lName`, `phone`, `officelocation`) VALUES (48, 'Faculty', 'aesfaa', '5f4dcc3b5aa765d61d8327deb882cf99', 'adam.smith@rit.edu', 'Adam', 'Smith', '585-475-4552', '');
INSERT INTO `mydb`.`people` (`uid`, `type`, `username`, `password`, `email`, `fName`, `lName`, `phone`, `officelocation`) VALUES (49, 'Faculty', 'jxtadm', '5f4dcc3b5aa765d61d8327deb882cf99', 'jxtadm@rit.edu', 'John-Paul', 'Takats', '', '');
INSERT INTO `mydb`.`people` (`uid`, `type`, `username`, `password`, `email`, `fName`, `lName`, `phone`, `officelocation`) VALUES (50, 'Faculty', 'bmtski', '5f4dcc3b5aa765d61d8327deb882cf99', 'bmtski@rit.edu', 'Brian', 'Tomaszewski', '585-475-2869', 'GOL 2673');
INSERT INTO `mydb`.`people` (`uid`, `type`, `username`, `password`, `email`, `fName`, `lName`, `phone`, `officelocation`) VALUES (51, 'Faculty', 'rpvvks', '5f4dcc3b5aa765d61d8327deb882cf99', 'rpv@mail.rit.edu', 'Ronald', 'Vullo', '585-475-7281', 'GOL 2519');
INSERT INTO `mydb`.`people` (`uid`, `type`, `username`, `password`, `email`, `fName`, `lName`, `phone`, `officelocation`) VALUES (52, 'Faculty', 'axgvks', '5f4dcc3b5aa765d61d8327deb882cf99', 'axgvks@rit.edu', 'Ann', 'Warren', '', '');
INSERT INTO `mydb`.`people` (`uid`, `type`, `username`, `password`, `email`, `fName`, `lName`, `phone`, `officelocation`) VALUES (53, 'Faculty', 'emwics', '5f4dcc3b5aa765d61d8327deb882cf99', 'emwics@rit.edu', 'Elissa', 'Weeden', '585-475-6733', 'GOL 2635');
INSERT INTO `mydb`.`people` (`uid`, `type`, `username`, `password`, `email`, `fName`, `lName`, `phone`, `officelocation`) VALUES (54, 'Faculty', 'jswics', '5f4dcc3b5aa765d61d8327deb882cf99', 'jswics@rit.edu', 'Jonathan', 'Weissman', '', '');
INSERT INTO `mydb`.`people` (`uid`, `type`, `username`, `password`, `email`, `fName`, `lName`, `phone`, `officelocation`) VALUES (55, 'Faculty', 'mayici', '5f4dcc3b5aa765d61d8327deb882cf99', 'mayici@rit.edu', 'Michael', 'Yacci', '', '');
INSERT INTO `mydb`.`people` (`uid`, `type`, `username`, `password`, `email`, `fName`, `lName`, `phone`, `officelocation`) VALUES (56, 'Faculty', 'qyuvks', '5f4dcc3b5aa765d61d8327deb882cf99', 'qyuvks@rit.edu', 'Qi', 'Yu', '585-475-6929', 'GOL 2669');
INSERT INTO `mydb`.`people` (`uid`, `type`, `username`, `password`, `email`, `fName`, `lName`, `phone`, `officelocation`) VALUES (57, 'Faculty', 'sjzics', '5f4dcc3b5aa765d61d8327deb882cf99', 'sjzics@rit.edu', 'Steve', 'Zilora', '585-475-7643', 'GOL 2109');
INSERT INTO `mydb`.`people` (`uid`, `type`, `username`, `password`, `email`, `fName`, `lName`, `phone`, `officelocation`) VALUES (58, 'Staff', 'rdbcst', '5f4dcc3b5aa765d61d8327deb882cf99', 'rdbcst@rit.edu', 'Rhonda', 'Baker-Smith', '585-475-7924', 'GOL 2103');
INSERT INTO `mydb`.`people` (`uid`, `type`, `username`, `password`, `email`, `fName`, `lName`, `phone`, `officelocation`) VALUES (59, 'Staff', 'GradCoord', '5f4dcc3b5aa765d61d8327deb882cf99', 'qyuvks@rit.edu', 'Qi', 'Yu', '585-475-6929', 'GOL 2669');
INSERT INTO `mydb`.`people` (`uid`, `type`, `username`, `password`, `email`, `fName`, `lName`, `phone`, `officelocation`) VALUES (60, 'Staff', 'mchics', '5f4dcc3b5aa765d61d8327deb882cf99', 'mchics@rit.edu', 'Melissa', 'Hanna', '585-475-6179', 'GOL 2120');
INSERT INTO `mydb`.`people` (`uid`, `type`, `username`, `password`, `email`, `fName`, `lName`, `phone`, `officelocation`) VALUES (61, 'Staff', 'jmpics', '5f4dcc3b5aa765d61d8327deb882cf99', 'jmpics@rit.edu', 'Jill', 'Persson', '', '');

COMMIT;


-- -----------------------------------------------------
-- Data for table `mydb`.`rit_calendar`
-- -----------------------------------------------------
START TRANSACTION;
USE `mydb`;
INSERT INTO `mydb`.`rit_calendar` (`term`, `add_drop_deadline`, `grade_deadline`) VALUES (2161, '2016-08-09', '2016-12-19');
INSERT INTO `mydb`.`rit_calendar` (`term`, `add_drop_deadline`, `grade_deadline`) VALUES (2163, '2017-01-05', '2017-01-23');
INSERT INTO `mydb`.`rit_calendar` (`term`, `add_drop_deadline`, `grade_deadline`) VALUES (2165, '2017-01-30', '2017-05-23');
INSERT INTO `mydb`.`rit_calendar` (`term`, `add_drop_deadline`, `grade_deadline`) VALUES (2168, '2017-06-06', '2017-08-14');
INSERT INTO `mydb`.`rit_calendar` (`term`, `add_drop_deadline`, `grade_deadline`) VALUES (2171, '2017-09-05', '2017-12-21');
INSERT INTO `mydb`.`rit_calendar` (`term`, `add_drop_deadline`, `grade_deadline`) VALUES (2175, '2018-01-23', '2017-05-10');
INSERT INTO `mydb`.`rit_calendar` (`term`, `add_drop_deadline`, `grade_deadline`) VALUES (2178, '2018-05-24', '2017-08-16');
INSERT INTO `mydb`.`rit_calendar` (`term`, `add_drop_deadline`, `grade_deadline`) VALUES (2181, '2018-09-03', '2018-12-20');
INSERT INTO `mydb`.`rit_calendar` (`term`, `add_drop_deadline`, `grade_deadline`) VALUES (2185, '2017-01-21', '2017-05-09');
INSERT INTO `mydb`.`rit_calendar` (`term`, `add_drop_deadline`, `grade_deadline`) VALUES (2188, '2017-05-23', '2017-08-20');

COMMIT;


-- -----------------------------------------------------
-- Data for table `mydb`.`project`
-- -----------------------------------------------------
START TRANSACTION;
USE `mydb`;
INSERT INTO `mydb`.`project` (`pid`, `type`, `name`, `description`, `start_term`, `expected_end_date`, `plagiarism_score`, `grade`) VALUES (1, 'thesis', 'Network implosion ', 'Creating network cables by left or right handed technicians should not be used on the same network. This causes the network to implode if the streams are crossed.', 2131, '2013-12-11', 30, -1);
INSERT INTO `mydb`.`project` (`pid`, `type`, `name`, `description`, `start_term`, `expected_end_date`, `plagiarism_score`, `grade`) VALUES (2, 'proj', 'Program better with a beard', 'Do men that stroke their chins in contemplation, think smarter when they have a beard?', 2161, '2016-12-12', 7, -1);
INSERT INTO `mydb`.`project` (`pid`, `type`, `name`, `description`, `start_term`, `expected_end_date`, `plagiarism_score`, `grade`) VALUES (3, 'proj', 'Capstone tracking database', 'Recursively, this database.', 2171, '2017-12-13', 14, -1);

COMMIT;


-- -----------------------------------------------------
-- Data for table `mydb`.`status`
-- -----------------------------------------------------
START TRANSACTION;
USE `mydb`;
INSERT INTO `mydb`.`status` (`sid`, `name`, `description`) VALUES (100, 'Pre proposal', '1. Pre-proprosal (optional but very useful)');
INSERT INTO `mydb`.`status` (`sid`, `name`, `description`) VALUES (200, 'Committee formed', '2. Forming the committee (two for project and three for thesis)');
INSERT INTO `mydb`.`status` (`sid`, `name`, `description`) VALUES (300, 'Proposal development', '3. Continue proposal development ');
INSERT INTO `mydb`.`status` (`sid`, `name`, `description`) VALUES (400, 'Proposal approved', '4. Proposal approved');
INSERT INTO `mydb`.`status` (`sid`, `name`, `description`) VALUES (500, 'Get prop. approval form', '4.1 Download the proposal approval form from the IST website (under forms)');
INSERT INTO `mydb`.`status` (`sid`, `name`, `description`) VALUES (600, 'Proposal signed ', '4.2 Collect signatures from committee members (email approval is fine)');
INSERT INTO `mydb`.`status` (`sid`, `name`, `description`) VALUES (700, 'Proposal & form to IST', '4.3 Submit the approved proposal form along with the electronic version of the proposal to the department office (Tracy)');
INSERT INTO `mydb`.`status` (`sid`, `name`, `description`) VALUES (800, 'Plagiarism checked', '4.4 The IST department office performs plagiarism checking and sends the results and proposal to the Graduate Director for final approval');
INSERT INTO `mydb`.`status` (`sid`, `name`, `description`) VALUES (900, 'Grad director approved', '4.5 After the approval from the Graduate Director');
INSERT INTO `mydb`.`status` (`sid`, `name`, `description`) VALUES (1000, 'Working on capstone', '5. Continue the capstone work based on what is proposed in the proposal. ');
INSERT INTO `mydb`.`status` (`sid`, `name`, `description`) VALUES (1100, 'Work & report finished', '6. Finish the work and complete the final report.');
INSERT INTO `mydb`.`status` (`sid`, `name`, `description`) VALUES (1200, 'Work & report approved', '7. Get approval from the committee to schedule the final defense.');
INSERT INTO `mydb`.`status` (`sid`, `name`, `description`) VALUES (1300, 'Defense completed', '7.1 Conduct the defense');
INSERT INTO `mydb`.`status` (`sid`, `name`, `description`) VALUES (1400, 'Report revised, post defense', '8. Revise the final report based on committee feedback. (if committee requires revisions)');
INSERT INTO `mydb`.`status` (`sid`, `name`, `description`) VALUES (1500, 'Final committee approval', '9. After getting the final approval from the committee');
INSERT INTO `mydb`.`status` (`sid`, `name`, `description`) VALUES (1600, 'Grade reported', '10. Committee chair report the capstone grade to the IST department office.');
INSERT INTO `mydb`.`status` (`sid`, `name`, `description`) VALUES (1700, 'Capstone finished', '11. All work for capstone is completed by the students, staff and faculty.');

COMMIT;


-- -----------------------------------------------------
-- Data for table `mydb`.`people_project`
-- -----------------------------------------------------
START TRANSACTION;
USE `mydb`;
INSERT INTO `mydb`.`people_project` (`uid`, `pid`, `role`) VALUES (1, 1, 'Grad');
INSERT INTO `mydb`.`people_project` (`uid`, `pid`, `role`) VALUES (2, 2, 'Grad');
INSERT INTO `mydb`.`people_project` (`uid`, `pid`, `role`) VALUES (3, 3, 'Grad');
INSERT INTO `mydb`.`people_project` (`uid`, `pid`, `role`) VALUES (30, 1, 'chair');
INSERT INTO `mydb`.`people_project` (`uid`, `pid`, `role`) VALUES (15, 1, 'Reader 1');
INSERT INTO `mydb`.`people_project` (`uid`, `pid`, `role`) VALUES (40, 1, 'Reader 2');
INSERT INTO `mydb`.`people_project` (`uid`, `pid`, `role`) VALUES (30, 2, 'chair');
INSERT INTO `mydb`.`people_project` (`uid`, `pid`, `role`) VALUES (15, 2, 'Reader 1');
INSERT INTO `mydb`.`people_project` (`uid`, `pid`, `role`) VALUES (15, 3, 'chair');
INSERT INTO `mydb`.`people_project` (`uid`, `pid`, `role`) VALUES (25, 3, 'Reader 1');

COMMIT;


-- -----------------------------------------------------
-- Data for table `mydb`.`project_status`
-- -----------------------------------------------------
START TRANSACTION;
USE `mydb`;
INSERT INTO `mydb`.`project_status` (`sid`, `pid`, `last_modified`, `comment`) VALUES (100, 1, '2013-08-20', '');
INSERT INTO `mydb`.`project_status` (`sid`, `pid`, `last_modified`, `comment`) VALUES (200, 1, '2013-08-28', '');
INSERT INTO `mydb`.`project_status` (`sid`, `pid`, `last_modified`, `comment`) VALUES (300, 1, '2013-08-29', '');
INSERT INTO `mydb`.`project_status` (`sid`, `pid`, `last_modified`, `comment`) VALUES (400, 1, '2013-09-03', '');
INSERT INTO `mydb`.`project_status` (`sid`, `pid`, `last_modified`, `comment`) VALUES (900, 1, '2013-09-09', '');
INSERT INTO `mydb`.`project_status` (`sid`, `pid`, `last_modified`, `comment`) VALUES (1000, 1, '2013-09-10', '');
INSERT INTO `mydb`.`project_status` (`sid`, `pid`, `last_modified`, `comment`) VALUES (100, 2, '2016-08-05', '');
INSERT INTO `mydb`.`project_status` (`sid`, `pid`, `last_modified`, `comment`) VALUES (200, 2, '2016-08-08', '');
INSERT INTO `mydb`.`project_status` (`sid`, `pid`, `last_modified`, `comment`) VALUES (300, 2, '2016-08-12', '');
INSERT INTO `mydb`.`project_status` (`sid`, `pid`, `last_modified`, `comment`) VALUES (400, 2, '2016-08-15', '');
INSERT INTO `mydb`.`project_status` (`sid`, `pid`, `last_modified`, `comment`) VALUES (500, 2, '2016-08-19', '');
INSERT INTO `mydb`.`project_status` (`sid`, `pid`, `last_modified`, `comment`) VALUES (600, 2, '2016-08-25', '');
INSERT INTO `mydb`.`project_status` (`sid`, `pid`, `last_modified`, `comment`) VALUES (700, 2, '2016-08-29', '');
INSERT INTO `mydb`.`project_status` (`sid`, `pid`, `last_modified`, `comment`) VALUES (800, 2, '2016-09-02', '');
INSERT INTO `mydb`.`project_status` (`sid`, `pid`, `last_modified`, `comment`) VALUES (900, 2, '2016-09-05', '');
INSERT INTO `mydb`.`project_status` (`sid`, `pid`, `last_modified`, `comment`) VALUES (1000, 2, '2016-09-09', '');
INSERT INTO `mydb`.`project_status` (`sid`, `pid`, `last_modified`, `comment`) VALUES (1100, 1, '2016-09-25', 'Student returned to finish capstone.');
INSERT INTO `mydb`.`project_status` (`sid`, `pid`, `last_modified`, `comment`) VALUES (100, 3, '2017-06-08', '');
INSERT INTO `mydb`.`project_status` (`sid`, `pid`, `last_modified`, `comment`) VALUES (200, 3, '2017-06-19', '');
INSERT INTO `mydb`.`project_status` (`sid`, `pid`, `last_modified`, `comment`) VALUES (300, 3, '2017-06-28', '');
INSERT INTO `mydb`.`project_status` (`sid`, `pid`, `last_modified`, `comment`) VALUES (400, 3, '2017-07-19', '');
INSERT INTO `mydb`.`project_status` (`sid`, `pid`, `last_modified`, `comment`) VALUES (500, 3, '2017-08-07', '');
INSERT INTO `mydb`.`project_status` (`sid`, `pid`, `last_modified`, `comment`) VALUES (600, 3, '2017-08-30', '');
INSERT INTO `mydb`.`project_status` (`sid`, `pid`, `last_modified`, `comment`) VALUES (700, 3, '2017-09-01', '');
INSERT INTO `mydb`.`project_status` (`sid`, `pid`, `last_modified`, `comment`) VALUES (1100, 2, '2017-09-25', '');
INSERT INTO `mydb`.`project_status` (`sid`, `pid`, `last_modified`, `comment`) VALUES (1200, 2, '2017-10-10', '');
INSERT INTO `mydb`.`project_status` (`sid`, `pid`, `last_modified`, `comment`) VALUES (800, 3, '2017-09-06', '');
INSERT INTO `mydb`.`project_status` (`sid`, `pid`, `last_modified`, `comment`) VALUES (900, 3, '2017-09-11', '');
INSERT INTO `mydb`.`project_status` (`sid`, `pid`, `last_modified`, `comment`) VALUES (1000, 3, '2017-09-11', '');
INSERT INTO `mydb`.`project_status` (`sid`, `pid`, `last_modified`, `comment`) VALUES (1300, 2, '2017-10-13', '');
INSERT INTO `mydb`.`project_status` (`sid`, `pid`, `last_modified`, `comment`) VALUES (1400, 2, '2017-11-02', '');
INSERT INTO `mydb`.`project_status` (`sid`, `pid`, `last_modified`, `comment`) VALUES (1500, 2, '2017-11-14', '');
INSERT INTO `mydb`.`project_status` (`sid`, `pid`, `last_modified`, `comment`) VALUES (1600, 2, '2017-11-24', 'Excellent work, grade is A.');
INSERT INTO `mydb`.`project_status` (`sid`, `pid`, `last_modified`, `comment`) VALUES (2000, 2, '2017-11-27', '');
INSERT INTO `mydb`.`project_status` (`sid`, `pid`, `last_modified`, `comment`) VALUES (1100, 3, '2017-10-02', '');
INSERT INTO `mydb`.`project_status` (`sid`, `pid`, `last_modified`, `comment`) VALUES (1200, 3, '2017-10-30', '');
INSERT INTO `mydb`.`project_status` (`sid`, `pid`, `last_modified`, `comment`) VALUES (1300, 3, '2017-11-06', '');
INSERT INTO `mydb`.`project_status` (`sid`, `pid`, `last_modified`, `comment`) VALUES (1400, 3, '2017-11-29', '');
INSERT INTO `mydb`.`project_status` (`sid`, `pid`, `last_modified`, `comment`) VALUES (1500, 3, '2017-12-12', '');
INSERT INTO `mydb`.`project_status` (`sid`, `pid`, `last_modified`, `comment`) VALUES (1600, 3, '2017-12-18', 'Congratulations, grade is B.');
INSERT INTO `mydb`.`project_status` (`sid`, `pid`, `last_modified`, `comment`) VALUES (2000, 3, '2017-12-19', '');

COMMIT;


SET SQL_MODE=@OLD_SQL_MODE;
SET FOREIGN_KEY_CHECKS=@OLD_FOREIGN_KEY_CHECKS;
SET UNIQUE_CHECKS=@OLD_UNIQUE_CHECKS;
